{"schemaVersion":"1.0","appDefinitionTemplate":{"id":"/providers/Microsoft.PowerApps/apps/","type":"Microsoft.PowerApps/apps","tags":{"primaryDeviceWidth":"1366","primaryDeviceHeight":"768","supportsPortrait":"true","supportsLandscape":"true","primaryFormFactor":"Tablet","showStatusBar":"false","publisherVersion":"3.23121.20","minimumRequiredApiVersion":"2.2.0","hasComponent":"false","hasUnlockedComponent":"false","isUnifiedRootApp":"false","offlineLargeFilesSupport":"false","sienaVersion":"20231218T191006Z-3.23121.20.0"},"properties":{"appVersion":"2023-12-18T19:10:06Z","lifeCycleId":"Published","createdByClientVersion":{"major":3,"minor":23121,"build":20,"revision":0,"majorRevision":0,"minorRevision":0},"minClientVersion":{"major":3,"minor":23121,"build":20,"revision":0,"majorRevision":0,"minorRevision":0},"backgroundColor":"RGBA(0,176,240,1)","backgroundImageUri":"/1005682962181281559/Ne9234cc1-2579-4e36-9ec5-0a0c0159d5e5-logoSmallFile","displayName":"ResponsiveApp3","description":"","aiGeneratedDescription":"Experience the power of our new Responsive App 3. This app is currently in initial development and will soon empower you to streamline your business processes.","commitMessage":"","appUris":{"documentUri":{"value":"/1005682962181281559/Ne8705179-3dab-4ec3-befe-b59866b4f131-document.msapp"},"imageUris":[],"additionalUris":[{"isSolutionAware":false,"value":"/1005682962181281559/N1a4bc869-3ec0-4d6f-9db3-a6eb6f8066c6-identity.json"}]},"createdTime":"0001-01-01T00:00:00Z","lastModifiedTime":"0001-01-01T00:00:00Z","sharedGroupsCount":0,"sharedUsersCount":0,"connectionReferences":{},"databaseReferences":{},"almMode":"Environment","performanceOptimizationEnabled":true,"canConsumeAppPass":true,"enableModernRuntimeMode":false,"executionRestrictions":{"isTeamsOnly":false,"dataLossPreventionEvaluationResult":{"status":"Compliant","lastEvaluationDate":"2023-12-18T19:10:08.1983104Z","violations":[],"violationsByPolicy":[],"violationErrorMessage":"The app uses the following connectors: ."}}},"appType":"ClassicCanvasApp","appComponents":[]}}